id,tipo,factor,evidencia,origen,peso,calificacion,justificacion_peso,justificacion_calificacion,ponderado,matriz
F1,Fortaleza,Red de distribución propia con entrega en 24 h,Flota propia de 9 unidades que atiende Tacna y Moquegua con entrega al día siguiente del pedido,Sección 3.1.1 CV-03,0.1,4,La logística de salida concentra el 22 % del costo operativo (Sección 3.1.2); es la actividad de mayor peso económico,Fortaleza mayor: ningún competidor local ofrece entrega en 24 h con flota propia (Sección 3.1.3 VRIO: valioso y raro),0.4,EFI
F2,Fortaleza,Base histórica de compras de 8 400 clientes,El ERP conserva el historial de pedidos de 8 400 clientes desde 2016,Sección 3.1.3 VRIO,0.09,4,"Es el único recurso VRIO calificado como valioso, raro y difícil de imitar (Sección 3.1.3)",Fortaleza mayor: diez años de historial que un entrante no puede replicar,0.36,EFI
F3,Fortaleza,Facturación electrónica estable,"El 100 % de los comprobantes se emite desde el ERP, sin observaciones de SUNAT en 24 meses",Sección 3.1.4 inventario de aplicaciones,0.05,3,"Capacidad de soporte de criticidad media (Sección 3.1.5); su falla detiene la venta, pero hoy es estable","Fortaleza menor: cumple, pero es una exigencia legal que todo competidor también cubre",0.15,EFI
F4,Fortaleza,ERP integrado en los procesos centrales,"Compras, almacén, facturación y contabilidad operan sobre una sola base de datos",Sección 3.1.4 inventario de aplicaciones,0.08,3,Soporta las cuatro actividades primarias de la cadena de valor (Sección 3.1.1),"Fortaleza menor: integración real, pero sobre una plataforma sin soporte (ver D6)",0.24,EFI
F5,Fortaleza,Cartera de clientes fidelizada,El 68 % de las ventas de 2025 provino de clientes con más de 3 años de relación,Sección 3.1.1 CV-05,0.07,3,La venta recurrente sostiene el flujo de caja (Sección 3.1.2: 68 % de los ingresos),"Fortaleza menor: la lealtad existe, pero no se gestiona con ningún sistema",0.21,EFI
F6,Fortaleza,Equipo de TI orientado a la innovación,"El área de TI tiene perfil cultural dominante Adhocracia (B = 36,67)",Sección 2.4 perfil cultural por área,0.05,3,"Capacidad habilitadora, no diferencial; pesa menos que los recursos de la cadena de valor (Sección 3.1.5)","Fortaleza menor: disposición a experimentar, pero con 8 personas y sin gobierno",0.15,EFI
D1,Debilidad,Ausencia de capacidad analítica,Los reportes gerenciales se arman a mano en hojas de cálculo (3 días al cierre de cada mes); no existe ningún tablero,"Sección 3.1.5 capacidad «Analítica», madurez 1/5",0.09,1,"Capacidad crítica para decidir surtido, rutas y crédito (Sección 3.1.5: criticidad alta)",Debilidad mayor: madurez 1 de 5,0.09,EFI
D2,Debilidad,Dependencia de un único desarrollador,Una sola persona conoce el código del portal B2B y no hay documentación de la arquitectura,Sección 3.1.3 VRIO,0.08,1,Riesgo de continuidad del único canal digital (Sección 3.1.3),"Debilidad mayor: si esa persona se retira, el portal queda sin mantenimiento",0.08,EFI
D3,Debilidad,Baja adopción del portal B2B,Solo el 6 % de los pedidos de 2025 ingresó por el portal B2B,Sección 3.1.1 CV-05,0.07,2,"Afecta la actividad de ventas, que genera el 100 % de los ingresos (Sección 3.1.1)","Debilidad menor: el canal existe y funciona, pero casi no se usa",0.14,EFI
D4,Debilidad,Ruteo gestionado en hoja de cálculo,La planificación de rutas se hace en una hoja de cálculo y el despacho representa el 22 % del costo operativo,Sección 3.1.1 CV-03,0.08,2,Mismo peso económico que F1: el 22 % del costo operativo (Sección 3.1.2),"Debilidad menor: las rutas se cumplen, pero sin optimización ni trazabilidad",0.16,EFI
D5,Debilidad,Ausencia de programa de cumplimiento de datos personales,No existe registro de actividades de tratamiento ni medidas documentadas para los datos de 8 400 clientes,"Sección 3.1.5 capacidad «Cumplimiento», madurez 1/5",0.08,1,"Capacidad con exposición legal directa (Sección 3.3 PE-09, intensidad 5)",Debilidad mayor: no hay ninguna medida en marcha,0.08,EFI
D6,Debilidad,Infraestructura del ERP sin redundancia ni prueba de restauración,Un solo servidor físico; respaldo diario en disco local sin prueba de restauración en 12 meses,Sección 3.1.4 inventario de infraestructura,0.09,1,La caída del ERP detiene facturación y despacho (Sección 3.1.5: criticidad alta),Debilidad mayor: no hay evidencia de que el respaldo se pueda restaurar,0.09,EFI
D7,Debilidad,Silos de información de clientes,"Administración, Ventas y TI mantienen hojas de cálculo propias con datos de clientes",Sección 2.4 supuesto básico #3,0.07,2,"Bloquea la analítica y la integración (Sección 2.4, implicancia #4)","Debilidad menor: los datos existen, pero dispersos y duplicados",0.14,EFI
O1,Oportunidad,Acceso a internet de los clientes,"60,1 % de los hogares del país con internet (INEI, II trim. 2025)",Sección 3.3 PE-04,0.1,2,"Intensidad 4 en el PESTEL; habilita el canal digital, el objetivo comercial principal",Por debajo del promedio: el portal capta solo el 6 % de los pedidos (D3),0.2,EFE
O2,Oportunidad,Herramientas de analítica en la nube de bajo costo,"Power BI Pro a US$ 14 por usuario al mes (Microsoft, 2025)",Sección 3.3 PE-06,0.07,1,Intensidad 4 en el PESTEL; reduce la barrera de entrada a la analítica,Respuesta deficiente: DICOSUR no usa ninguna herramienta de analítica,0.07,EFE
O3,Oportunidad,Oferta local de talento técnico,Dos escuelas de Ingeniería de Sistemas en Tacna (UPT y UNJBG) con prácticas preprofesionales,Sección 3.2.3 análisis del sector,0.05,2,Efecto indirecto: alivia la escasez de personal de TI (A5),"Por debajo del promedio: TI recibe un practicante al año, sin convenio formal",0.1,EFE
O4,Oportunidad,Crecimiento económico regional,"Tacna creció 3,9 % promedio anual en 2015-2024 (BCRP)",Sección 3.3 PE-03,0.08,3,Intensidad 3; impulsa directamente el volumen de pedidos,Por encima del promedio: DICOSUR amplió rutas a Moquegua en 2025,0.24,EFE
O5,Oportunidad,Digitalización de las compras públicas,Política Nacional de Transformación Digital al 2030 (D. S. 085-2023-PCM),Sección 3.3 PE-01,0.05,2,Intensidad 3; las ventas al Estado son el 9 % del total,Por debajo del promedio: no hay integración con catálogos electrónicos,0.1,EFE
A1,Amenaza,Entrada de mayoristas con plataformas digitales,Dos mayoristas de Arequipa con aplicación de pedidos ya atienden bodegas de Tacna,Sección 3.2.1 Porter · nuevos entrantes,0.11,2,Fuerza competitiva calificada como alta en el análisis de Porter (Sección 3.2.1),Por debajo del promedio: solo la entrega en 24 h (F1) compite; el canal digital no,0.22,EFE
A2,Amenaza,Fin de soporte de la plataforma del servidor del ERP,Las ESU de Windows Server 2012 R2 terminan el 13/10/2026 (Microsoft),Sección 3.3 PE-05,0.15,1,Intensidad 5 en el PESTEL y horizonte inmediato: el mayor peso de la matriz,Respuesta deficiente: no se contrataron ESU ni existe plan de migración aprobado,0.15,EFE
A3,Amenaza,Nuevo Reglamento de Protección de Datos Personales,D. S. 016-2024-JUS vigente; multas de hasta 100 UIT,Sección 3.3 PE-09,0.13,1,Intensidad 5 en el PESTEL; exposición legal y reputacional,Respuesta deficiente: sin registro de tratamientos ni medidas (D5),0.13,EFE
A4,Amenaza,Volatilidad cambiaria,"−11,3 % del tipo de cambio en 2025 (BCRP)",Sección 3.3 PE-02,0.07,2,"Intensidad 4, pero su efecto se limita al 40 % del gasto de TI",Por debajo del promedio: los contratos no tienen cláusula cambiaria,0.14,EFE
A5,Amenaza,Rotación del personal técnico,"2 de 8 personas de TI renunciaron en los últimos 12 meses (25 %), ambas a empleos remotos",Sección 3.2.2 mercado laboral de TI,0.09,1,"Agrava D2, pero su efecto es indirecto: pesa menos que las amenazas con fecha (A2, A3) y que A1",Respuesta deficiente: no hay plan de retención ni de sucesión,0.09,EFE
A6,Amenaza,Exigencias de uso ético de datos e IA,Reglamento de la Ley 31814 vigente desde el 22/01/2026,Sección 3.3 PE-08,0.06,1,Intensidad 3; aplica cuando arranque la analítica,Respuesta deficiente: no existe política de uso de datos,0.06,EFE
A7,Amenaza,Disposición de RAEE,D. S. 009-2019-MINAM,Sección 3.3 PE-07,0.04,2,Intensidad 2; costo acotado a la renovación de equipos,Por debajo del promedio: los equipos dados de baja se almacenan sin disposición,0.08,EFE
