id,Dimensión,Factor,Evidencia con cifra,"Fuente (institución, publicación, año)",Efecto específico sobre la organización,Tipo (O/A),Intensidad (1–5),Horizonte,Decisión que obliga,Factor EFE
PE-01,Político,Política Nacional de Transformación Digital al 2030,"Aprobada por D. S. 085-2023-PCM, de aplicación obligatoria en el sector público; el 9 % de las ventas de DICOSUR en 2025 se facturó a entidades públicas de Tacna","PCM, D. S. 085-2023-PCM, 2023",Los clientes públicos migran sus compras a canales digitales e interoperables; seguir vendiéndoles exige integrarse a esos canales,O,3,24–36 m,Evaluar la integración del ERP con los catálogos electrónicos de Perú Compras,O5
PE-02,Económico,Volatilidad cambiaria,"El tipo de cambio pasó de S/ 3,788 a S/ 3,361 por dólar durante 2025 (−11,3 %)","BCRP, Series estadísticas · tipo de cambio sol/dólar, 2025","El 40 % del gasto de TI (licencias, nube y equipos) está en dólares; una reversión del tipo de cambio encarece el presupuesto del PETI",A,4,Continuo,Cláusulas de tipo de cambio y precios en soles en los contratos plurianuales de TI,A4
PE-03,Económico,Crecimiento económico regional,"Tacna creció 3,9 % promedio anual entre 2015 y 2024, por encima del promedio nacional","BCRP Sucursal Arequipa, Caracterización del departamento de Tacna, 2025","Mayor demanda de consumo masivo en Tacna y Moquegua, las dos zonas que atiende la flota de DICOSUR",O,3,12–36 m,Dimensionar la capacidad de despacho y el ruteo para el crecimiento de pedidos,O4
PE-04,Social,Acceso a internet de los hogares,"60,1 % de los hogares del país tenía acceso a internet en el II trimestre de 2025","INEI, Informe Técnico · Estadísticas de las TIC en los Hogares, II trimestre 2025",Viabiliza el pedido por canal digital para la mayoría de los 8 400 clientes minoristas (bodegas y minimarkets),O,4,12–24 m,Priorizar el proyecto de canal digital móvil,O1
PE-05,Tecnológico,Fin de soporte de la plataforma del servidor del ERP,El soporte extendido de Windows Server 2012 R2 terminó el 10/10/2023 y las actualizaciones de seguridad extendidas (ESU) terminan el 13/10/2026,"Microsoft Learn, Overview of Extended Security Updates for Windows Server 2012 and 2012 R2, 2026",El servidor del ERP corre en esa versión y DICOSUR no contrató ESU: no recibe parches de seguridad,A,5,Inmediato (0–6 m),Proyecto de migración de la plataforma del ERP con fecha límite,A2
PE-06,Tecnológico,Analítica y nube de bajo costo,Power BI Pro cuesta US$ 14 por usuario al mes desde el 01/04/2025,"Microsoft, Power BI · precios, 2025","Un tablero para 10 usuarios cuesta unos US$ 1 680 al año, frente a 3 días-persona al mes de reportes manuales",O,4,6–12 m,Incluir la plataforma de analítica en el proyecto de gobierno del dato,O2
PE-07,Ecológico/Ético,Gestión de residuos de aparatos eléctricos y electrónicos (RAEE),El Reglamento de RAEE obliga a entregar los equipos dados de baja a un sistema de manejo autorizado,"MINAM, D. S. 009-2019-MINAM, 2019",La renovación prevista de 22 equipos y del servidor del ERP requiere disposición certificada,A,2,Al renovar,Incluir el costo de la disposición certificada en el presupuesto de renovación,A7
PE-08,Ecológico/Ético,Uso ético de datos de clientes e inteligencia artificial,Reglamento de la Ley 31814 vigente desde el 22/01/2026; Recomendación sobre la ética de la IA adoptada por 193 Estados miembros,"PCM, D. S. 115-2025-PCM, 2025; UNESCO, 2021","El motor de recomendación y la analítica de clientes deben declarar finalidad, supervisión humana y límites de uso",A,3,Al implementar,Política de uso ético del dato y de la IA antes del proyecto de analítica,A6
PE-09,Legal,Nuevo Reglamento de Protección de Datos Personales,"D. S. 016-2024-JUS vigente desde el 30/03/2025; las infracciones muy graves se sancionan con multas de hasta 100 UIT (Ley 29733, art. 39)","MINJUSDH · ANPD, D. S. 016-2024-JUS, 2024",DICOSUR trata datos de 8 400 clientes y 48 colaboradores sin registro de actividades de tratamiento,A,5,Inmediato,Programa de cumplimiento antes de cualquier proyecto de datos,A3
