id,tipo,factor,evidencia,origen,peso,calificacion,justificacion_peso,justificacion_calificacion
O1,Oportunidad,Acceso a internet de los clientes,"60,1 % de los hogares del país con internet (INEI, II trim. 2025)",Sección 3.3 PE-04,0.10,2,"Intensidad 4 en el PESTEL; habilita el canal digital, el objetivo comercial principal",Por debajo del promedio: el portal capta solo el 6 % de los pedidos (D3)
O2,Oportunidad,Herramientas de analítica en la nube de bajo costo,"Power BI Pro a US$ 14 por usuario al mes (Microsoft, 2025)",Sección 3.3 PE-06,0.07,1,Intensidad 4 en el PESTEL; reduce la barrera de entrada a la analítica,Respuesta deficiente: DICOSUR no usa ninguna herramienta de analítica
O3,Oportunidad,Oferta local de talento técnico,Dos escuelas de Ingeniería de Sistemas en Tacna (UPT y UNJBG) con prácticas preprofesionales,Sección 3.2.3 análisis del sector,0.05,2,Efecto indirecto: alivia la escasez de personal de TI (A5),"Por debajo del promedio: TI recibe un practicante al año, sin convenio formal"
O4,Oportunidad,Crecimiento económico regional,"Tacna creció 3,9 % promedio anual en 2015-2024 (BCRP)",Sección 3.3 PE-03,0.08,3,Intensidad 3; impulsa directamente el volumen de pedidos,Por encima del promedio: DICOSUR amplió rutas a Moquegua en 2025
O5,Oportunidad,Digitalización de las compras públicas,Política Nacional de Transformación Digital al 2030 (D. S. 085-2023-PCM),Sección 3.3 PE-01,0.05,2,Intensidad 3; las ventas al Estado son el 9 % del total,Por debajo del promedio: no hay integración con catálogos electrónicos
A1,Amenaza,Entrada de mayoristas con plataformas digitales,Dos mayoristas de Arequipa con aplicación de pedidos ya atienden bodegas de Tacna,Sección 3.2.1 Porter · nuevos entrantes,0.11,2,Fuerza competitiva calificada como alta en el análisis de Porter (Sección 3.2.1),Por debajo del promedio: solo la entrega en 24 h (F1) compite; el canal digital no
A2,Amenaza,Fin de soporte de la plataforma del servidor del ERP,Las ESU de Windows Server 2012 R2 terminan el 13/10/2026 (Microsoft),Sección 3.3 PE-05,0.15,4,Intensidad 5 en el PESTEL y horizonte inmediato: el mayor peso de la matriz,Muy grave: el servidor quedará sin parches de seguridad
A3,Amenaza,Nuevo Reglamento de Protección de Datos Personales,D. S. 016-2024-JUS vigente; multas de hasta 100 UIT,Sección 3.3 PE-09,0.13,1,Intensidad 5 en el PESTEL; exposición legal y reputacional,Respuesta deficiente: sin registro de tratamientos ni medidas (D5)
A4,Amenaza,Volatilidad cambiaria,"−11,3 % del tipo de cambio en 2025 (BCRP)",Sección 3.3 PE-02,0.07,2,"Intensidad 4, pero su efecto se limita al 40 % del gasto de TI",Por debajo del promedio: los contratos no tienen cláusula cambiaria
A5,Amenaza,Rotación del personal técnico,"2 de 8 personas de TI renunciaron en los últimos 12 meses (25 %), ambas a empleos remotos",Sección 3.2.2 mercado laboral de TI,0.11,1,"Agrava D2, pero su efecto es indirecto: pesa menos que las amenazas con fecha (A2, A3) y que A1",Respuesta deficiente: no hay plan de retención ni de sucesión
A6,Amenaza,Exigencias de uso ético de datos e IA,Reglamento de la Ley 31814 vigente desde el 22/01/2026,Sección 3.3 PE-08,0.06,1,Intensidad 3; aplica cuando arranque la analítica,Respuesta deficiente: no existe política de uso de datos
A7,Amenaza,Disposición de RAEE,D. S. 009-2019-MINAM,Sección 3.3 PE-07,0.04,2,Intensidad 2; costo acotado a la renovación de equipos,Por debajo del promedio: los equipos dados de baja se almacenan sin disposición
