orden,id,Tipo,Factores cruzados,Estrategia,Objetivo al que apunta,Proyecto candidato,Prioridad preliminar,peso_factores,puntaje
1,E-12,DA,D6 + A2 + A7,"Reducir la ausencia de redundancia y de prueba de restauración (D6) para mitigar la obsolescencia de la plataforma (A2), estableciendo continuidad verificable antes de la migración y disposición certificada de los equipos retirados (A7)",OE-01 Asegurar la continuidad operativa,"P-03 Continuidad de la infraestructura (respaldo, restauración y redundancia)",Alta,0.28,0.378
2,E-05,FA,F4 + A2 + A4,"Usar la integración existente del ERP (F4) como base para migrar la plataforma antes del fin de las ESU (A2), con contrato en soles o con cláusula cambiaria que limite la volatilidad del tipo de cambio (A4)",OE-01 Asegurar la continuidad operativa,P-01 Migración de la plataforma del ERP,Crítica,0.3,0.36
3,E-06,FA,F5 + F2 + A1,Mejorar la relación con los clientes para enfrentar mejor a la competencia,OE-07 Retener y ampliar clientes,P-11 CRM y programa de fidelización,Media,0.27,0.324
4,E-11,DA,D5 + A3 + A8,"Reducir la ausencia de programa de cumplimiento (D5) para mitigar la exposición al nuevo Reglamento de Protección de Datos (A3) y a las exigencias de uso ético de la IA (A8), con registro de tratamientos, medidas de seguridad y política de uso ético del dato",OE-02 Cumplir el marco legal de datos,P-02 Programa de cumplimiento de datos personales y uso ético,Crítica,0.21,0.284
5,E-01,FO,F2 + O1 + O2,"Aprovechar la base histórica de compras de 8 400 clientes (F2) para capturar el acceso a internet del segmento minorista (O1) con herramientas de analítica de bajo costo (O2), mediante un canal digital con recomendación personalizada de surtido",OE-04 Aumentar la participación del canal digital,P-04 Canal digital B2B con motor de recomendación,Alta,0.26,0.26
6,E-10,DA,D2 + A5,"Reducir la dependencia de un único desarrollador (D2) para mitigar la rotación del personal técnico (A5), documentando la arquitectura del portal y formando un segundo responsable",OE-06 Reducir el riesgo operativo,P-09 Gestión del conocimiento y de la configuración,Crítica,0.19,0.256
7,E-04,FA,F1 + A1,"Usar la red de distribución propia con entrega en 24 h (F1) para neutralizar la entrada de mayoristas digitales sin logística local (A1), haciendo visible al cliente el estado de cada entrega",OE-07 Retener y ampliar clientes,P-05 Sistema de ruteo y trazabilidad de despacho (módulo de seguimiento para el cliente),Alta,0.21,0.252
8,E-07,DO,D1 + O2 + O3,"Superar la ausencia de capacidad analítica (D1) aprovechando herramientas de bajo costo (O2) y talento técnico local (O3), mediante un programa de gobierno del dato con practicantes y formación interna",OE-05 Habilitar la decisión basada en datos,P-06 Gobierno del dato y tablero de gestión,Alta,0.21,0.231
9,E-02,FO,F1 + F6 + O4,Aprovechar la red de distribución propia (F1) y la disposición del equipo de TI a innovar (F6) para atender el crecimiento del consumo regional (O4) mediante planificación de rutas basada en datos,OE-03 Reducir el costo de despacho,P-05 Sistema de ruteo y trazabilidad de despacho,Alta,0.23,0.23
10,E-08,DO,D3 + O1,Superar la baja adopción del portal B2B (D3) aprovechando el acceso a internet de los clientes (O1) con un rediseño móvil y un programa de acompañamiento a bodegas,OE-04 Aumentar la participación del canal digital,P-07 Rediseño móvil del portal y programa de adopción,Alta,0.17,0.187
11,E-03,FO,F3 + F4 + O5,"Usar el ERP integrado (F4) y la facturación electrónica estable (F3) para vender por los catálogos electrónicos que impulsa la transformación digital del Estado (O5), integrando pedidos y comprobantes",OE-07 Retener y ampliar clientes,P-10 Integración del ERP con catálogos electrónicos de Perú Compras,Media,0.18,0.18
12,E-09,DO,D7 + O2,Superar los silos de información de clientes (D7) aprovechando la nube de bajo costo (O2) para consolidar un maestro único de clientes con dueño y reglas de calidad,OE-05 Habilitar la decisión basada en datos,P-08 Maestro único de datos de clientes,Alta,0.14,0.154
